<?xml version="1.0" encoding="UTF-8"?>
<certificado>
  <evento>Simpósio de Realidade Aumentada</evento>
  <promovente>Instituto de Computação</promovente>
  <dataEvento>20/11/2013</dataEvento>
  <participante>Taylor Augusto</participante>
  <texto>Certificamos que Taylor Augusto participou como auxiliar do evento Simpósio de Realidade Aumentada realizado pelo Instituto de Computação no dia 20/11/2013</texto>
  <conteudo>-Palestra 4</conteudo>
  <equipe>Dr. Roberto&#13;
Prof. MSc. Joaozinho</equipe>
</certificado>
