<?xml version="1.0" encoding="utf-8"?>
<certificado>
  <evento>Simpósio de Realidade Aumentada</evento>
  <promovente>Instituto de Computação</promovente>
  <dataEvento>20/11/2013</dataEvento>
  <participante>Gustavo Hayashi do Nascimento</participante>
  <texto>Certificamos que Gustavo Hayashi do Nascimento participou do evento Simpósio de Realidade Aumentada realizado pelo Instituto de Computação no dia 20/11/2013</texto>
  <conteudo>Workshop I&#13;
Workshop II</conteudo>
  <equipe>Dr A&#13;
Dr B</equipe>
</certificado>
