<?xml version="1.0" encoding="utf-8"?>
<certificado>
  <evento>Simpósio de Realidade Aumentada</evento>
  <promovente>Instituto de Computação</promovente>
  <dataEvento>20/11/2013</dataEvento>
  <participante>Allan Carlos Pereira</participante>
  <texto>Certificamos que Allan Carlos Pereira participou do evento Simpósio de Realidade Aumentada realizado pelo Instituto de Computação no dia 20/11/2013</texto>
  <conteudo>Palestra I&#13;
Palestra II&#13;
Workshop III</conteudo>
  <equipe>Dr A&#13;
Dr B</equipe>
</certificado>
